30min告别消防小白 前导,30min告别消防小白 前导
30min告别消防小白 燃烧条件,30min告别消防小白 燃烧条件
30min告别消防小白 爆炸极限,30min告别消防小白 爆炸极限
30min告别消防小白 生产的火灾危险性,30min告别消防小白 生产的火灾危险性
30min告别消防小白 建筑分类,30min告别消防小白 建筑分类
30min告别消防小白 防火间距,30min告别消防小白 防火间距
30min告别消防小白 防火门,30min告别消防小白 防火门
30min告别消防小白 安全疏散,30min告别消防小白 安全疏散
30min告别消防小白 装修材料,30min告别消防小白 装修材料
30min告别消防小白 消防车道,30min告别消防小白 消防车道
30min告别消防小白 室外消火栓,30min告别消防小白 室外消火栓
30min告别消防小白 自动喷水灭火系统,30min告别消防小白 自动喷水灭火系统
30min告别消防小白 气体灭火系统,30min告别消防小白 气体灭火系统
30min告别消防小白 泡沫灭火系统,30min告别消防小白 泡沫灭火系统
30min告别消防小白 火灾探测器,30min告别消防小白 火灾探测器
30min告别消防小白 防排烟系统,30min告别消防小白 防排烟系统
30min告别消防小白 灭火器分类,30min告别消防小白 灭火器分类
建筑防火 （0）前导,建筑防火 （0）前导
建筑防火 （1）厂房建筑防火速记1,建筑防火 （1）厂房建筑防火速记1
建筑防火 （2）厂房建筑防火速记2,建筑防火 （2）厂房建筑防火速记2
建筑防火 （3）厂房建筑防火速记3,建筑防火 （3）厂房建筑防火速记3
建筑防火 （4）仓库建筑防火速记,建筑防火 （4）仓库建筑防火速记
建筑防火 （5）民用建筑防火速记1,建筑防火 （5）民用建筑防火速记1
建筑防火 （6）民用建筑防火速记2,建筑防火 （6）民用建筑防火速记2
建筑防火 （7）民用建筑防火速记3,建筑防火 （7）民用建筑防火速记3
建筑防火 （8）民用建筑防火速记4,建筑防火 （8）民用建筑防火速记4
建筑防火 （9）建筑防火共性考点速记1,建筑防火 （9）建筑防火共性考点速记1
建筑防火 （10）建筑防火共性考点速记2,建筑防火 （10）建筑防火共性考点速记2
建筑防火 （11）建筑防火共性考点速记3,建筑防火 （11）建筑防火共性考点速记3
设施实务 （1）消防给水,设施实务 （1）消防给水
设施实务 （2）消火栓,设施实务 （2）消火栓
设施实务 （3）自动喷水,设施实务 （3）自动喷水
设施实务 （4）水喷雾细水雾,设施实务 （4）水喷雾细水雾
设施实务 （5）泡沫,设施实务 （5）泡沫
设施实务 （6）气体干粉,设施实务 （6）气体干粉
设施实务 （7）灭火器,设施实务 （7）灭火器
设施实务 （8）防排烟,设施实务 （8）防排烟
设施实务 （9）自动报警,设施实务 （9）自动报警
设施实务 （10）照明供电,设施实务 （10）照明供电
设施综合 （1）安装前检查速记1,设施综合 （1）安装前检查速记1
设施综合 （2）安装前检查速记2,设施综合 （2）安装前检查速记2
设施综合 （3）安装速记1,设施综合 （3）安装速记1
设施综合 （4）安装速记2,设施综合 （4）安装速记2
设施综合 （5）安装速记3,设施综合 （5）安装速记3
设施综合 （6）调试速记1,设施综合 （6）调试速记1
设施综合 （7）调试速记2,设施综合 （7）调试速记2
设施综合 （8）维护管理速记,设施综合 （8）维护管理速记
法规管理 （1）法律法规速记1,法规管理 （1）法律法规速记1
法规管理 （2）法律法规速记2,法规管理 （2）法律法规速记2
法规管理 （3）消防安全管理速记1,法规管理 （3）消防安全管理速记1
法规管理 （4）消防安全管理速记2,法规管理 （4）消防安全管理速记2
其他场所 （1）石油化工,其他场所 （1）石油化工
其他场所 （2）汽车库修车库,其他场所 （2）汽车库修车库
其他场所 （3）人防工程,其他场所 （3）人防工程
30min告别消防小白 前导,30min告别消防小白 前导
30min告别消防小白 燃烧条件,30min告别消防小白 燃烧条件
30min告别消防小白 爆炸极限,30min告别消防小白 爆炸极限
30min告别消防小白 生产的火灾危险性,30min告别消防小白 生产的火灾危险性
30min告别消防小白 建筑分类,30min告别消防小白 建筑分类
30min告别消防小白 防火间距,30min告别消防小白 防火间距
30min告别消防小白 防火门,30min告别消防小白 防火门
30min告别消防小白 安全疏散,30min告别消防小白 安全疏散
30min告别消防小白 装修材料,30min告别消防小白 装修材料
30min告别消防小白 消防车道,30min告别消防小白 消防车道
30min告别消防小白 室外消火栓,30min告别消防小白 室外消火栓
30min告别消防小白 自动喷水灭火系统,30min告别消防小白 自动喷水灭火系统
30min告别消防小白 气体灭火系统,30min告别消防小白 气体灭火系统
30min告别消防小白 泡沫灭火系统,30min告别消防小白 泡沫灭火系统
30min告别消防小白 火灾探测器,30min告别消防小白 火灾探测器
30min告别消防小白 防排烟系统,30min告别消防小白 防排烟系统
30min告别消防小白 灭火器分类,30min告别消防小白 灭火器分类
建筑防火 （0）前导,建筑防火 （0）前导
建筑防火 （1）厂房建筑防火速记1,建筑防火 （1）厂房建筑防火速记1
建筑防火 （2）厂房建筑防火速记2,建筑防火 （2）厂房建筑防火速记2
建筑防火 （3）厂房建筑防火速记3,建筑防火 （3）厂房建筑防火速记3
建筑防火 （4）仓库建筑防火速记,建筑防火 （4）仓库建筑防火速记
建筑防火 （5）民用建筑防火速记1,建筑防火 （5）民用建筑防火速记1
建筑防火 （6）民用建筑防火速记2,建筑防火 （6）民用建筑防火速记2
建筑防火 （7）民用建筑防火速记3,建筑防火 （7）民用建筑防火速记3
建筑防火 （8）民用建筑防火速记4,建筑防火 （8）民用建筑防火速记4
建筑防火 （9）建筑防火共性考点速记1,建筑防火 （9）建筑防火共性考点速记1
建筑防火 （10）建筑防火共性考点速记2,建筑防火 （10）建筑防火共性考点速记2
建筑防火 （11）建筑防火共性考点速记3,建筑防火 （11）建筑防火共性考点速记3
设施实务 （1）消防给水,设施实务 （1）消防给水
设施实务 （2）消火栓,设施实务 （2）消火栓
设施实务 （3）自动喷水,设施实务 （3）自动喷水
设施实务 （4）水喷雾细水雾,设施实务 （4）水喷雾细水雾
设施实务 （5）泡沫,设施实务 （5）泡沫
设施实务 （6）气体干粉,设施实务 （6）气体干粉
设施实务 （7）灭火器,设施实务 （7）灭火器
设施实务 （8）防排烟,设施实务 （8）防排烟
设施实务 （9）自动报警,设施实务 （9）自动报警
设施实务 （10）照明供电,设施实务 （10）照明供电
设施综合 （1）安装前检查速记1,设施综合 （1）安装前检查速记1
设施综合 （2）安装前检查速记2,设施综合 （2）安装前检查速记2
设施综合 （3）安装速记1,设施综合 （3）安装速记1
设施综合 （4）安装速记2,设施综合 （4）安装速记2
设施综合 （5）安装速记3,设施综合 （5）安装速记3
设施综合 （6）调试速记1,设施综合 （6）调试速记1
设施综合 （7）调试速记2,设施综合 （7）调试速记2
设施综合 （8）维护管理速记,设施综合 （8）维护管理速记
法规管理 （1）法律法规速记1,法规管理 （1）法律法规速记1
法规管理 （2）法律法规速记2,法规管理 （2）法律法规速记2
法规管理 （3）消防安全管理速记1,法规管理 （3）消防安全管理速记1
法规管理 （4）消防安全管理速记2,法规管理 （4）消防安全管理速记2
其他场所 （1）石油化工,其他场所 （1）石油化工
其他场所 （2）汽车库修车库,其他场所 （2）汽车库修车库
其他场所 （3）人防工程,其他场所 （3）人防工程
